cruce_id,nombre,s_m,hmin_m,hmax_m,pmin_mca,pmax_mca,pmin_bar,pmax_bar,margen_cavitacion_m,cavita,criterio_gobierno
C1,Estero Salto de Agua,1250.0,2.0,998.3554669561025,2.0,998.3554669561025,0.1962,97.93867130839367,0.0,False,depresion
C2,Canal 1,2100.0,2.0,982.9936249410276,2.0,982.9936249410276,0.1962,96.43167460671481,0.0,False,ninguno
C3,Canal 2,3300.0,2.0,990.66069043028,2.0,990.66069043028,0.1962,97.18381373121048,0.0,False,ninguno
C4,Estero 3,4100.0,2.0,1096.6262702815682,2.0,1096.6262702815682,0.1962,107.57903711462183,0.0,False,sobrepresion
