cruce_id,nombre,s_m,z_m,hmin_m,hmax_m,pmin_mca,pmax_mca,pmin_bar,pmax_bar,margen_cavitacion_m,cavita,criterio_gobierno
C1,Estero Salto de Agua,1748.0,4.314784053156147,-10.0,2018.2281818150734,-14.314784053156147,2013.9133977619172,-1.404280315614618,197.5649043204441,-4.314784053156147,True,ninguno
C2,Canal 1,365.0,7.63063063063063,-10.0,1072.845429186823,-17.63063063063063,1065.2147985561924,-1.7295648648648647,104.49757173836248,-7.63063063063063,True,ninguno
C3,Canal 2,1465.0,7.801204819277109,-10.0,1741.7790814242871,-17.80120481927711,1733.9778766050101,-1.7462981927710843,170.10322969495147,-7.80120481927711,True,depresion+cavitacion
C4,Estero 3,2160.0,0.0,-10.0,2293.8849759619225,-10.0,2293.8849759619225,-0.981,225.0301161418646,0.0,False,sobrepresion
