cruce_id,nombre,s_m,hmin_m,hmax_m,cav_any
C1,Estero Salto de Agua,1748.0,227.96143047799046,240.33722695046526,False
C2,Canal 1,365.0,226.1362816985099,245.8661044469635,False
C3,Canal 2,1465.0,226.85757478711866,242.2311544357903,False
C4,Estero 3,2160.0,229.45020046527702,237.77444864201732,False
