cruce_id,nombre,s_m,hmin_m,hmax_m,cav_any
C1,Estero Salto de Agua,1748.0,232.95674920662793,241.8065058152269,False
C2,Canal 1,365.0,243.1084435380173,246.7690546000686,False
C3,Canal 2,1465.0,233.67971726033807,243.71340175778903,False
C4,Estero 3,2160.0,232.46130753034168,238.65515844863026,False
