cruce_id,nombre,s_m,hmin_m,hmax_m,cav_any
C1,Estero Salto de Agua,1748.0,-10.0,2018.2281818150734,False
C2,Canal 1,365.0,-10.0,1072.845429186823,False
C3,Canal 2,1465.0,-10.0,1741.7790814242871,False
C4,Estero 3,2160.0,-10.0,2293.8849759619225,False
