cruce_id,nombre,s_m,hmin_m,hmax_m,cav_any
C1,Estero Salto de Agua,1748.0,0.4340127701654036,55.312555044153726,False
C2,Canal 1,365.0,-10.0,117.37244666735927,False
C3,Canal 2,1465.0,-1.9813881366444859,56.67805103485339,False
C4,Estero 3,2160.0,-10.0,53.037075223925434,False
