cruce_id,nombre,s_m,hmin_m,hmax_m,cav_any
C1,Estero Salto de Agua,1250.0,2.0,998.3554669561025,False
C2,Canal 1,2100.0,2.0,982.9936249410276,False
C3,Canal 2,3300.0,2.0,990.66069043028,False
C4,Estero 3,4100.0,2.0,1096.6262702815682,False
