cruce_id,nombre,s_m,hmin_m,hmax_m,cav_any
C1,Estero Salto de Agua,1748.0,10.373762931934111,72.41916757230577,False
C2,Canal 1,365.0,19.211762007105676,121.30009927485358,False
C3,Canal 2,1465.0,10.664558244707703,75.06089868260986,False
C4,Estero 3,2160.0,-7.9763359028904235,67.56147357637201,False
